{
	"class_name" : "PinholeCameraParameters",
	"extrinsic" : 
	[
		-0.96870529546563944,
		-0.071256118845059252,
		0.23776588498766418,
		0.0,
		-0.23937388842040289,
		0.014823011956592046,
		-0.97081430760935505,
		0.0,
		0.065652053123454276,
		-0.9973479051182057,
		-0.031415984418789386,
		0.0,
		-259.93042246086452,
		4.7290954677201995,
		2432.1546163896987,
		1.0
	],
	"intrinsic" : 
	{
		"height" : 1080,
		"intrinsic_matrix" : 
		[
			935.30743608719399,
			0.0,
			0.0,
			0.0,
			935.30743608719399,
			0.0,
			959.5,
			539.5,
			1.0
		],
		"width" : 1920
	},
	"version_major" : 1,
	"version_minor" : 0
}